{"cameraMode":{"drawMode":0,"name":"Shaded","section":"Shading Mode"},"sceneLighting":false,"audioPlay":false,"sceneViewState":{"showFog":false,"showMaterialUpdate":false,"showSkybox":false,"showFlares":false,"showImageEffects":false,"showParticleSystems":false},"in2DMode":false,"pivot":{"x":0.6739869713783264,"y":-0.6113424301147461,"z":1.3151483535766602},"rotation":{"x":-0.18817828595638276,"y":0.006479029078036547,"z":-0.0012423621956259013,"w":-0.9821196794509888},"size":5.803986549377441,"orthographic":false}