{"cameraMode":{"drawMode":0,"name":"Shaded","section":"Shading Mode"},"sceneLighting":false,"audioPlay":false,"sceneViewState":{"showFog":false,"showMaterialUpdate":false,"showSkybox":false,"showFlares":false,"showImageEffects":false,"showParticleSystems":false},"in2DMode":false,"pivot":{"x":15.34735107421875,"y":-63.813560485839847,"z":-43.72111892700195},"rotation":{"x":0.07568477094173432,"y":0.8727946877479553,"z":-0.4604008197784424,"w":0.14344225823879243},"size":89.34081268310547,"orthographic":false}