{"cameraMode":{"drawMode":0,"name":"Shaded","section":"Shading Mode"},"sceneLighting":false,"audioPlay":false,"sceneViewState":{"showFog":false,"showMaterialUpdate":false,"showSkybox":false,"showFlares":false,"showImageEffects":false,"showParticleSystems":false},"in2DMode":false,"pivot":{"x":4.925353050231934,"y":-2.3554420471191408,"z":5.527513027191162},"rotation":{"x":0.2833976447582245,"y":0.12327373772859574,"z":-0.036762334406375888,"w":0.9503454566001892},"size":20.084192276000978,"orthographic":false}