{"cameraMode":{"drawMode":0,"name":"Shaded","section":"Shading Mode"},"sceneLighting":false,"audioPlay":false,"sceneViewState":{"showFog":false,"showMaterialUpdate":false,"showSkybox":false,"showFlares":false,"showImageEffects":false,"showParticleSystems":false},"in2DMode":false,"pivot":{"x":2.900651454925537,"y":-2.0223913192749025,"z":7.391382217407227},"rotation":{"x":0.17991849780082704,"y":0.2143988311290741,"z":-0.04018991440534592,"w":0.9592162370681763},"size":11.4503812789917,"orthographic":false}