{"cameraMode":{"drawMode":0,"name":"Shaded","section":"Shading Mode"},"sceneLighting":false,"audioPlay":false,"sceneViewState":{"showFog":false,"showMaterialUpdate":false,"showSkybox":false,"showFlares":false,"showImageEffects":false,"showParticleSystems":false},"in2DMode":false,"pivot":{"x":-7.285161018371582,"y":-0.476215660572052,"z":-1.756274938583374},"rotation":{"x":0.08296554535627365,"y":-0.720453679561615,"z":0.08755134791135788,"w":0.6829684376716614},"size":14.778088569641114,"orthographic":false}