{"cameraMode":{"drawMode":0,"name":"Shaded","section":"Shading Mode"},"sceneLighting":false,"audioPlay":false,"sceneViewState":{"showFog":false,"showMaterialUpdate":false,"showSkybox":false,"showFlares":false,"showImageEffects":false,"showParticleSystems":false},"in2DMode":false,"pivot":{"x":-2.4931421279907228,"y":-0.3473212718963623,"z":-3.4206786155700685},"rotation":{"x":-0.06564415246248245,"y":0.9340481758117676,"z":-0.23634271323680879,"w":-0.25972864031791689},"size":7.543789386749268,"orthographic":false}