{"cameraMode":{"drawMode":0,"name":"Shaded","section":"Shading Mode"},"sceneLighting":false,"audioPlay":false,"sceneViewState":{"showFog":false,"showMaterialUpdate":false,"showSkybox":false,"showFlares":false,"showImageEffects":false,"showParticleSystems":false},"in2DMode":false,"pivot":{"x":-2.731383800506592,"y":-0.337247371673584,"z":-1.6085113286972047},"rotation":{"x":-0.12716951966285706,"y":-0.8418602347373962,"z":0.2282772660255432,"w":-0.4727934002876282},"size":7.456960201263428,"orthographic":false}