{"cameraMode":{"drawMode":0,"name":"Shaded","section":"Shading Mode"},"sceneLighting":false,"audioPlay":false,"sceneViewState":{"showFog":false,"showMaterialUpdate":false,"showSkybox":false,"showFlares":false,"showImageEffects":false,"showParticleSystems":false},"in2DMode":false,"pivot":{"x":-0.9726759791374207,"y":-4.599395751953125,"z":6.293554306030273},"rotation":{"x":-0.36384308338165285,"y":0.16281303763389588,"z":-0.06382919102907181,"w":-0.9150457382202148},"size":10.159467697143555,"orthographic":false}