{"cameraMode":{"drawMode":0,"name":"Shaded","section":"Shading Mode"},"sceneLighting":false,"audioPlay":false,"sceneViewState":{"showFog":false,"showMaterialUpdate":false,"showSkybox":false,"showFlares":false,"showImageEffects":false,"showParticleSystems":false},"in2DMode":false,"pivot":{"x":1.3202074766159058,"y":1.849998950958252,"z":-0.8928723335266113},"rotation":{"x":0.2247060388326645,"y":-0.42593875527381899,"z":0.1088838279247284,"w":0.869890034198761},"size":1.5429551601409913,"orthographic":false}