{"cameraMode":{"drawMode":0,"name":"Shaded","section":"Shading Mode"},"sceneLighting":false,"audioPlay":false,"sceneViewState":{"showFog":false,"showMaterialUpdate":false,"showSkybox":false,"showFlares":false,"showImageEffects":false,"showParticleSystems":false},"in2DMode":false,"pivot":{"x":0.848741352558136,"y":1.6840662956237794,"z":-0.9742300510406494},"rotation":{"x":0.21235154569149018,"y":-0.6027678847312927,"z":0.17325244843959809,"w":0.7498705387115479},"size":0.6002191305160523,"orthographic":false}