{"cameraMode":{"drawMode":0,"name":"Shaded","section":"Shading Mode"},"sceneLighting":false,"audioPlay":false,"sceneViewState":{"showFog":false,"showMaterialUpdate":false,"showSkybox":false,"showFlares":false,"showImageEffects":false,"showParticleSystems":false},"in2DMode":false,"pivot":{"x":1.3777575492858887,"y":0.5351934432983398,"z":0.02109074592590332},"rotation":{"x":-0.24111364781856538,"y":0.03890826180577278,"z":-0.00856965221464634,"w":-0.9699528217315674},"size":2.1708295345306398,"orthographic":false}