{"cameraMode":{"drawMode":0,"name":"Shaded","section":"Shading Mode"},"sceneLighting":false,"audioPlay":false,"sceneViewState":{"showFog":false,"showMaterialUpdate":false,"showSkybox":false,"showFlares":false,"showImageEffects":false,"showParticleSystems":false},"in2DMode":false,"pivot":{"x":1.2903944253921509,"y":1.2279753684997559,"z":0.9764077663421631},"rotation":{"x":0.08242953568696976,"y":-0.011980701237916947,"z":-0.0007074200548231602,"w":-0.9968690872192383},"size":1.5838217735290528,"orthographic":false}