{"cameraMode":{"drawMode":0,"name":"Shaded","section":"Shading Mode"},"sceneLighting":false,"audioPlay":false,"sceneViewState":{"showFog":false,"showMaterialUpdate":false,"showSkybox":false,"showFlares":false,"showImageEffects":false,"showParticleSystems":false},"in2DMode":false,"pivot":{"x":1.1922101974487305,"y":0.5193971395492554,"z":0.42715731263160708},"rotation":{"x":-0.3283293545246124,"y":-0.06786960363388062,"z":0.024107446894049646,"w":-0.9420082569122315},"size":1.5894417762756348,"orthographic":false}