{"cameraMode":{"drawMode":0,"name":"Shaded","section":"Shading Mode"},"sceneLighting":false,"audioPlay":false,"sceneViewState":{"showFog":false,"showMaterialUpdate":false,"showSkybox":false,"showFlares":false,"showImageEffects":false,"showParticleSystems":false},"in2DMode":false,"pivot":{"x":1.0049582719802857,"y":1.4764593839645386,"z":-0.48333144187927248},"rotation":{"x":0.28381094336509707,"y":0.25112220644950869,"z":-0.07834267616271973,"w":0.9222506880760193},"size":3.0204577445983888,"orthographic":false}