{"cameraMode":{"drawMode":0,"name":"Shaded","section":"Shading Mode"},"sceneLighting":false,"audioPlay":false,"sceneViewState":{"showFog":false,"showMaterialUpdate":false,"showSkybox":false,"showFlares":false,"showImageEffects":false,"showParticleSystems":false},"in2DMode":false,"pivot":{"x":-12.506378173828125,"y":2.0895636081695558,"z":-1.0565886497497559},"rotation":{"x":0.01691141165792942,"y":0.7059156894683838,"z":0.01659073866903782,"w":-0.7080042958259583},"size":12.951032638549805,"orthographic":false}