{"cameraMode":{"drawMode":0,"name":"Shaded","section":"Shading Mode"},"sceneLighting":false,"audioPlay":false,"sceneViewState":{"showFog":false,"showMaterialUpdate":false,"showSkybox":false,"showFlares":false,"showImageEffects":false,"showParticleSystems":false},"in2DMode":false,"pivot":{"x":1.2494137287139893,"y":0.05051858723163605,"z":0.5233248472213745},"rotation":{"x":-0.3555973470211029,"y":-0.10554775595664978,"z":0.04137900471687317,"w":-0.9280669093132019},"size":2.354011058807373,"orthographic":false}