{"cameraMode":{"drawMode":0,"name":"Shaded","section":"Shading Mode"},"sceneLighting":false,"audioPlay":false,"sceneViewState":{"showFog":false,"showMaterialUpdate":false,"showSkybox":false,"showFlares":false,"showImageEffects":false,"showParticleSystems":false},"in2DMode":false,"pivot":{"x":-10.10264778137207,"y":0.234977126121521,"z":2.0143685340881349},"rotation":{"x":-0.054819297045469287,"y":0.5649595856666565,"z":-0.03775973245501518,"w":-0.8225250840187073},"size":8.203600883483887,"orthographic":false}