{"cameraMode":{"drawMode":0,"name":"Shaded","section":"Shading Mode"},"sceneLighting":false,"audioPlay":false,"sceneViewState":{"showFog":false,"showMaterialUpdate":false,"showSkybox":false,"showFlares":false,"showImageEffects":false,"showParticleSystems":false},"in2DMode":false,"pivot":{"x":1.5549999475479127,"y":2.7070000171661379,"z":0.8730000257492065},"rotation":{"x":0.07159210741519928,"y":-0.9283635020256043,"z":0.255770742893219,"w":0.2602447271347046},"size":1.4049558639526368,"orthographic":false}