{"cameraMode":{"drawMode":0,"name":"Shaded","section":"Shading Mode"},"sceneLighting":false,"audioPlay":false,"sceneViewState":{"showFog":false,"showMaterialUpdate":false,"showSkybox":false,"showFlares":false,"showImageEffects":false,"showParticleSystems":false},"in2DMode":false,"pivot":{"x":1.1205579042434693,"y":0.9622995257377625,"z":0.21853899955749513},"rotation":{"x":0.13751055300235749,"y":-0.29703712463378909,"z":0.043118178844451907,"w":0.9439677000045776},"size":1.4679391384124756,"orthographic":false}