{"cameraMode":{"drawMode":0,"name":"Shaded","section":"Shading Mode"},"sceneLighting":false,"audioPlay":false,"sceneViewState":{"showFog":false,"showMaterialUpdate":false,"showSkybox":false,"showFlares":false,"showImageEffects":false,"showParticleSystems":false},"in2DMode":false,"pivot":{"x":3.133212089538574,"y":0.6533421277999878,"z":-0.46302351355552676},"rotation":{"x":-0.03920932114124298,"y":-0.7607872486114502,"z":0.04617229476571083,"w":-0.646212637424469},"size":2.432060718536377,"orthographic":false}